<?xml version = "1.0" encoding = "utf-8"?>
<!DOCTYPE hibernate-configuration SYSTEM 
"http://www.hibernate.org/dtd/hibernate-configuration-3.0.dtd">
<hibernate-configuration>
   
   <session-factory>
   
      <property name = "hibernate.dialect">
         org.hibernate.dialect.MySQL5Dialect
      </property>
      
      <property name = "hibernate.connection.driver_class">
         com.mysql.cj.jdbc.Driver
      </property>
      
      <!-- Assume javatest is the database name -->
      <property name = "hibernate.connection.url">
         jdbc:mysql://localhost:3307/javaabc
      </property>


      <property name="hibernate.show_sql">true</property>
      <property name="hibernate.format_sql">true</property>
      <property name="hibernate.hbm2ddl.auto">update</property>


      <property name = "hibernate.connection.username">zhy</property>
      <property name = "hibernate.connection.password">123456</property>

       <mapping class="M_Entity.Account" />
       <mapping class="M_Entity.Book" />


   </session-factory>
</hibernate-configuration>